mssv,email,name,birthday
21127001,student1@unihub.edu.vn,Nguyen Van A,01012004
21127002,student2@unihub.edu.vn,Tran Thi B,15052004
21127003,student3@unihub.edu.vn,Le Van C,20102004
21127004,namhaohuynh@gmail.com,Pham Minh D,12122012
21127005,student5@unihub.edu.vn,Hoang Thi E,08082004
21127006,student6@unihub.edu.vn,Do Anh Dung,25092000
21127007,student7@unihub.edu.vn,Bui Phuong Dung,16032001
21127008,student8@unihub.edu.vn,Vu Duc Lam,13062000
21127009,student9@unihub.edu.vn,Hoang Van Quan,02072002
21127010,student10@unihub.edu.vn,Bui Duc Binh,14112003
21127011,student11@unihub.edu.vn,Dang Phuong Hanh,24112001
21127012,student12@unihub.edu.vn,Nguyen Anh Uyen,15112003
21127013,student13@unihub.edu.vn,Do Thanh Phong,10122003
21127014,student14@unihub.edu.vn,Nguyen Thanh Em,10022003
21127015,student15@unihub.edu.vn,Bui Gia Phuc,05042001
21127016,student16@unihub.edu.vn,Tran Minh Son,02112005
21127017,student17@unihub.edu.vn,Vu Gia Binh,18062002
21127018,student18@unihub.edu.vn,Phan Minh Xuan,24112005
21127019,student19@unihub.edu.vn,Do Quoc Vinh,14082005
21127020,student20@unihub.edu.vn,Vu Duc Dung,08082003
21127021,student21@unihub.edu.vn,Bui Gia Xuan,27072003
21127022,student22@unihub.edu.vn,Nguyen Thi Minh,22122000
21127023,student23@unihub.edu.vn,Phan Van Son,21102003
21127024,student24@unihub.edu.vn,Hoang Gia Ien,01082004
21127025,student25@unihub.edu.vn,Dang Anh Son,08062005
21127026,student26@unihub.edu.vn,Nguyen Quoc An,28032000
21127027,student27@unihub.edu.vn,Hoang Van An,16112003
21127028,student28@unihub.edu.vn,Le Gia Vinh,14022003
21127029,student29@unihub.edu.vn,Tran Thi Ien,15072000
21127030,student30@unihub.edu.vn,Pham Duc Nam,17092005
21127031,student31@unihub.edu.vn,Phan Gia Oanh,10062002
21127032,student32@unihub.edu.vn,Nguyen Thanh Ri,19012003
21127033,student33@unihub.edu.vn,Do Hoang Binh,05042003
21127034,student34@unihub.edu.vn,Nguyen Anh Khanh,15062004
21127035,student35@unihub.edu.vn,Hoang Quoc Uyen,10052001
21127036,student36@unihub.edu.vn,Do Van Binh,08042004
21127037,student37@unihub.edu.vn,Tran Quoc Giang,16102004
21127038,student38@unihub.edu.vn,Bui Hoang Phong,21022005
21127039,student39@unihub.edu.vn,Phan Minh Em,04072004
21127040,student40@unihub.edu.vn,Vu Gia Minh,05022001
21127041,student41@unihub.edu.vn,Do Duc Yen,17102001
21127042,student42@unihub.edu.vn,Tran Anh Ien,15122005
21127043,student43@unihub.edu.vn,Vu Thi An,06112004
21127044,student44@unihub.edu.vn,Phan Gia Tung,21082003
21127045,student45@unihub.edu.vn,Phan Anh Binh,01022004
21127046,student46@unihub.edu.vn,Dang Thanh Giang,08102000
21127047,student47@unihub.edu.vn,Pham Duc Nam,01022001
21127048,student48@unihub.edu.vn,Le Phuong Nam,05102003
21127049,student49@unihub.edu.vn,Phan Van Khanh,13062003
21127050,student50@unihub.edu.vn,Le Anh Cuong,27052005
21127051,student51@unihub.edu.vn,Phan Van Dung,04062005
21127052,student52@unihub.edu.vn,Phan Thi Minh,07012005
21127053,student53@unihub.edu.vn,Do Gia Tung,23112002
21127054,student54@unihub.edu.vn,Dang Anh Em,12062003
21127055,student55@unihub.edu.vn,Dang Hoang Phong,03072004
21127056,student56@unihub.edu.vn,Dang Thi Khanh,27052001
21127057,student57@unihub.edu.vn,Phan Thanh An,26122005
21127058,student58@unihub.edu.vn,Bui Minh An,26022004
21127059,student59@unihub.edu.vn,Pham Van Quan,15062001
21127060,student60@unihub.edu.vn,Pham Thi Em,05122001
21127061,student61@unihub.edu.vn,Nguyen Phuong Phong,16042002
21127062,student62@unihub.edu.vn,Do Anh Son,28092001
21127063,student63@unihub.edu.vn,Dang Gia Giang,23112000
21127064,student64@unihub.edu.vn,Vu Gia Son,16062005
21127065,student65@unihub.edu.vn,Bui Phuong Em,14092002
21127066,student66@unihub.edu.vn,Le Phuong An,07052004
21127067,student67@unihub.edu.vn,Bui Gia Giang,05022002
21127068,student68@unihub.edu.vn,Le Gia An,17082003
21127069,student69@unihub.edu.vn,Pham Gia Vinh,11072004
21127070,student70@unihub.edu.vn,Le Duc Cuong,08022003
21127071,student71@unihub.edu.vn,Phan Quoc Ien,12022000
21127072,student72@unihub.edu.vn,Dang Duc Xuan,04042003
21127073,student73@unihub.edu.vn,Le Van Phong,23092004
21127074,student74@unihub.edu.vn,Pham Minh Tung,04082005
21127075,student75@unihub.edu.vn,Pham Gia Phuc,16072002
21127076,student76@unihub.edu.vn,Do Anh Uyen,23082002
21127077,student77@unihub.edu.vn,Phan Phuong Vinh,22012000
21127078,student78@unihub.edu.vn,Phan Van Oanh,21102000
21127079,student79@unihub.edu.vn,Vu Van Yen,10092002
21127080,student80@unihub.edu.vn,Le Gia Khanh,13012001
21127081,student81@unihub.edu.vn,Bui Van Xuan,13102004
21127082,student82@unihub.edu.vn,Dang Thi Dung,15042002
21127083,student83@unihub.edu.vn,Do Thi Ien,02092001
21127084,student84@unihub.edu.vn,Phan Van Oanh,13112004
21127085,student85@unihub.edu.vn,Phan Hoang Giang,14102005
21127086,student86@unihub.edu.vn,Nguyen Phuong Quan,01012001
21127087,student87@unihub.edu.vn,Do Minh Ien,08062000
21127088,student88@unihub.edu.vn,Phan Phuong Tung,08012003
21127089,student89@unihub.edu.vn,Pham Quoc Em,09032003
21127090,student90@unihub.edu.vn,Hoang Hoang Em,04022001
21127091,student91@unihub.edu.vn,Nguyen Minh Nam,14082004
21127092,student92@unihub.edu.vn,Do Van Minh,21082001
21127093,student93@unihub.edu.vn,Tran Quoc Lam,09082002
21127094,student94@unihub.edu.vn,Bui Gia Dung,12012002
21127095,student95@unihub.edu.vn,Bui Gia Hanh,27102002
21127096,student96@unihub.edu.vn,Vu Thanh Giang,21022005
21127097,student97@unihub.edu.vn,Tran Phuong Ien,27122003
21127098,student98@unihub.edu.vn,Tran Quoc Giang,18012005
21127099,student99@unihub.edu.vn,Le Hoang Yen,17122003
21127100,student100@unihub.edu.vn,Pham Hoang Giang,05102002
21127101,student101@unihub.edu.vn,Dang Anh Ri,13112004
21127102,student102@unihub.edu.vn,Bui Thi Quan,03082003
21127103,student103@unihub.edu.vn,Nguyen Duc An,11092005
21127104,student104@unihub.edu.vn,Pham Minh Yen,26042003
21127105,student105@unihub.edu.vn,Phan Anh Hanh,02102002
21127106,student106@unihub.edu.vn,Le Thi An,07052000
21127107,student107@unihub.edu.vn,Bui Gia Son,20112000
21127108,student108@unihub.edu.vn,Vu Anh Vinh,07112000
21127109,student109@unihub.edu.vn,Vu Minh Tung,20072000
21127110,student110@unihub.edu.vn,Pham Quoc Hanh,18042003
21127111,student111@unihub.edu.vn,Nguyen Phuong Nam,11122001
21127112,student112@unihub.edu.vn,Dang Thi Ien,01012001
21127113,student113@unihub.edu.vn,Tran Phuong Xuan,08052001
21127114,student114@unihub.edu.vn,Le Anh Cuong,12012001
21127115,student115@unihub.edu.vn,Tran Minh Binh,23012001
21127116,student116@unihub.edu.vn,Hoang Duc Em,26042000
21127117,student117@unihub.edu.vn,Vu Thanh Binh,14082000
21127118,student118@unihub.edu.vn,Bui Phuong Quan,11022004
21127119,student119@unihub.edu.vn,Do Duc Cuong,17012000
21127120,student120@unihub.edu.vn,Tran Phuong Nam,26112000
21127121,student121@unihub.edu.vn,Tran Phuong Phuc,13122005
21127122,student122@unihub.edu.vn,Vu Thanh Minh,09062000
21127123,student123@unihub.edu.vn,Bui Thanh Tung,05062002
21127124,student124@unihub.edu.vn,Bui Phuong Hanh,26042005
21127125,student125@unihub.edu.vn,Pham Gia Quan,20012004
21127126,student126@unihub.edu.vn,Hoang Minh Em,01012003
21127127,student127@unihub.edu.vn,Tran Anh Tung,03042003
21127128,student128@unihub.edu.vn,Bui Hoang Uyen,13062001
21127129,student129@unihub.edu.vn,Pham Anh Em,27062003
21127130,student130@unihub.edu.vn,Vu Anh Minh,18032002
21127131,student131@unihub.edu.vn,Nguyen Anh Xuan,02082004
21127132,student132@unihub.edu.vn,Tran Thi Yen,28092001
21127133,student133@unihub.edu.vn,Le Minh Dung,06072002
21127134,student134@unihub.edu.vn,Pham Thi Minh,05022000
21127135,student135@unihub.edu.vn,Do Van Giang,25042001
21127136,student136@unihub.edu.vn,Pham Thi Son,24102000
21127137,student137@unihub.edu.vn,Le Anh Giang,19022001
21127138,student138@unihub.edu.vn,Vu Hoang Quan,01092000
21127139,student139@unihub.edu.vn,Do Anh An,10032002
21127140,student140@unihub.edu.vn,Nguyen Duc Khanh,24082004
21127141,student141@unihub.edu.vn,Vu Quoc Quan,17092000
21127142,student142@unihub.edu.vn,Dang Quoc Xuan,12042002
21127143,student143@unihub.edu.vn,Pham Duc Quan,26112000
21127144,student144@unihub.edu.vn,Hoang Hoang Giang,18092002
21127145,student145@unihub.edu.vn,Do Anh Em,01052005
21127146,student146@unihub.edu.vn,Nguyen Phuong Ien,20062003
21127147,student147@unihub.edu.vn,Phan Anh Dung,12042000
21127148,student148@unihub.edu.vn,Hoang Gia Giang,17052005
21127149,student149@unihub.edu.vn,Pham Quoc Dung,02052005
21127150,student150@unihub.edu.vn,Vu Thanh Ri,12102000
21127151,student151@unihub.edu.vn,Dang Thi Xuan,25012000
21127152,student152@unihub.edu.vn,Do Duc Xuan,21022000
21127153,student153@unihub.edu.vn,Phan Phuong Dung,20062001
21127154,student154@unihub.edu.vn,Le Van Giang,12112004
21127155,student155@unihub.edu.vn,Do Duc Minh,19122004
21127156,student156@unihub.edu.vn,Nguyen Minh Dung,19052004
21127157,student157@unihub.edu.vn,Le Phuong Xuan,23042004
21127158,student158@unihub.edu.vn,Phan Minh Em,11012004
21127159,student159@unihub.edu.vn,Bui Phuong Quan,25092004
21127160,student160@unihub.edu.vn,Vu Quoc Cuong,13012004
21127161,student161@unihub.edu.vn,Phan Anh Oanh,04012004
21127162,student162@unihub.edu.vn,Phan Minh Uyen,15092003
21127163,student163@unihub.edu.vn,Tran Thanh Khanh,06062001
21127164,student164@unihub.edu.vn,Phan Quoc Son,26122005
21127165,student165@unihub.edu.vn,Tran Van Lam,23122004
21127166,student166@unihub.edu.vn,Pham Van Nam,16032001
21127167,student167@unihub.edu.vn,Le Quoc Uyen,25032005
21127168,student168@unihub.edu.vn,Hoang Thanh Giang,10042000
21127169,student169@unihub.edu.vn,Le Hoang Binh,10092000
21127170,student170@unihub.edu.vn,Phan Thanh Nam,25042003
21127171,student171@unihub.edu.vn,Pham Gia Xuan,02062004
21127172,student172@unihub.edu.vn,Do Hoang Ien,18012000
21127173,student173@unihub.edu.vn,Phan Gia Uyen,14102001
21127174,student174@unihub.edu.vn,Hoang Thanh Lam,16092004
21127175,student175@unihub.edu.vn,Nguyen Quoc Lam,25042000
21127176,student176@unihub.edu.vn,Le Anh Nam,18022002
21127177,student177@unihub.edu.vn,Bui Hoang Vinh,25052005
21127178,student178@unihub.edu.vn,Dang Phuong Minh,20082001
21127179,student179@unihub.edu.vn,Le Minh Oanh,18042002
21127180,student180@unihub.edu.vn,Tran Thi Xuan,07122003
21127181,student181@unihub.edu.vn,Phan Gia Khanh,14012004
21127182,student182@unihub.edu.vn,Vu Duc Vinh,18062005
21127183,student183@unihub.edu.vn,Bui Thi Binh,03102005
21127184,student184@unihub.edu.vn,Phan Minh Quan,02052004
21127185,student185@unihub.edu.vn,Bui Phuong Yen,20022003
21127186,student186@unihub.edu.vn,Bui Phuong Khanh,25042000
21127187,student187@unihub.edu.vn,Vu Quoc Yen,07062005
21127188,student188@unihub.edu.vn,Hoang Hoang Em,06092002
21127189,student189@unihub.edu.vn,Nguyen Thanh Tung,09032000
21127190,student190@unihub.edu.vn,Vu Van Hanh,08082003
21127191,student191@unihub.edu.vn,Hoang Gia Binh,25082002
21127192,student192@unihub.edu.vn,Le Quoc Phuc,03062001
21127193,student193@unihub.edu.vn,Vu Minh Dung,11082003
21127194,student194@unihub.edu.vn,Hoang Duc An,09122004
21127195,student195@unihub.edu.vn,Dang Thanh Ien,17082002
21127196,student196@unihub.edu.vn,Le Thi Uyen,10012005
21127197,student197@unihub.edu.vn,Nguyen Quoc Em,14012005
21127198,student198@unihub.edu.vn,Vu Minh Lam,13052003
21127199,student199@unihub.edu.vn,Pham Thi Phong,06072005
21127200,student200@unihub.edu.vn,Vu Thanh Vinh,02102001
21127201,student201@unihub.edu.vn,Hoang Minh An,11082005
21127202,student202@unihub.edu.vn,Phan Hoang Binh,06102003
21127203,student203@unihub.edu.vn,Pham Van Phuc,22112005
21127204,student204@unihub.edu.vn,Nguyen Hoang Hanh,10092001
21127205,student205@unihub.edu.vn,Hoang Thanh Giang,15012001
21127206,student206@unihub.edu.vn,Pham Gia Vinh,22062001
21127207,student207@unihub.edu.vn,Vu Minh Ri,06122004
21127208,student208@unihub.edu.vn,Le Duc Quan,19042005
21127209,student209@unihub.edu.vn,Hoang Thanh Hanh,09092000
21127210,student210@unihub.edu.vn,Dang Hoang Cuong,12032004
21127211,student211@unihub.edu.vn,Le Thanh Cuong,07052002
21127212,student212@unihub.edu.vn,Nguyen Minh Phuc,07122003
21127213,student213@unihub.edu.vn,Do Quoc Vinh,19022003
21127214,student214@unihub.edu.vn,Tran Duc Cuong,13082003
21127215,student215@unihub.edu.vn,Vu Gia Phong,08102000
21127216,student216@unihub.edu.vn,Vu Quoc Phong,27102003
21127217,student217@unihub.edu.vn,Pham Duc Ri,06122000
21127218,student218@unihub.edu.vn,Hoang Phuong Xuan,08092003
21127219,student219@unihub.edu.vn,Tran Phuong Cuong,06012001
21127220,student220@unihub.edu.vn,Nguyen Duc Hanh,27102004
21127221,student221@unihub.edu.vn,Nguyen Thanh Lam,03072005
21127222,student222@unihub.edu.vn,Le Van Cuong,02082000
21127223,student223@unihub.edu.vn,Hoang Thi Yen,05082003
21127224,student224@unihub.edu.vn,Hoang Anh Lam,08102005
21127225,student225@unihub.edu.vn,Bui Minh Vinh,07112005
21127226,student226@unihub.edu.vn,Dang Thanh Ri,02012005
21127227,student227@unihub.edu.vn,Hoang Gia Phong,01012003
21127228,student228@unihub.edu.vn,Bui Minh Phuc,04012001
21127229,student229@unihub.edu.vn,Vu Gia Dung,06032002
21127230,student230@unihub.edu.vn,Do Quoc Son,13012000
21127231,student231@unihub.edu.vn,Hoang Quoc Tung,23122000
21127232,student232@unihub.edu.vn,Hoang Duc Lam,11102002
21127233,student233@unihub.edu.vn,Pham Minh Yen,01042001
21127234,student234@unihub.edu.vn,Nguyen Quoc Em,27082005
21127235,student235@unihub.edu.vn,Vu Duc Em,06052000
21127236,student236@unihub.edu.vn,Nguyen Thi Oanh,07012000
21127237,student237@unihub.edu.vn,Phan Duc Oanh,12012001
21127238,student238@unihub.edu.vn,Phan Duc Yen,28112000
21127239,student239@unihub.edu.vn,Bui Gia Quan,23112005
21127240,student240@unihub.edu.vn,Le Phuong Xuan,10072003
21127241,student241@unihub.edu.vn,Phan Gia Lam,17082001
21127242,student242@unihub.edu.vn,Pham Hoang Binh,07042002
21127243,student243@unihub.edu.vn,Bui Minh Dung,08042004
21127244,student244@unihub.edu.vn,Vu Anh Oanh,09042001
21127245,student245@unihub.edu.vn,Le Anh Phuc,24102001
21127246,student246@unihub.edu.vn,Pham Van Son,16122001
21127247,student247@unihub.edu.vn,Pham Thanh Vinh,21112001
21127248,student248@unihub.edu.vn,Vu Gia Oanh,27032003
21127249,student249@unihub.edu.vn,Hoang Anh Son,18052005
21127250,student250@unihub.edu.vn,Dang Van Giang,16102003
21127251,student251@unihub.edu.vn,Nguyen Anh Cuong,13072004
21127252,student252@unihub.edu.vn,Tran Thi Hanh,17092000
21127253,student253@unihub.edu.vn,Pham Duc Son,19022003
21127254,student254@unihub.edu.vn,Dang Van Minh,02012002
21127255,student255@unihub.edu.vn,Tran Minh Quan,14052001
21127256,student256@unihub.edu.vn,Bui Anh Quan,03112004
21127257,student257@unihub.edu.vn,Vu Van Ri,08112003
21127258,student258@unihub.edu.vn,Vu Thi Dung,10062005
21127259,student259@unihub.edu.vn,Nguyen Quoc Dung,14052005
21127260,student260@unihub.edu.vn,Do Anh Em,26122005
21127261,student261@unihub.edu.vn,Pham Thi Uyen,02052004
21127262,student262@unihub.edu.vn,Bui Quoc Cuong,05012000
21127263,student263@unihub.edu.vn,Vu Van Hanh,22122005
21127264,student264@unihub.edu.vn,Bui Phuong Khanh,26092005
21127265,student265@unihub.edu.vn,Le Van Minh,22022002
21127266,student266@unihub.edu.vn,Vu Minh Quan,14012005
21127267,student267@unihub.edu.vn,Phan Duc Em,05062002
21127268,student268@unihub.edu.vn,Do Anh Giang,16022002
21127269,student269@unihub.edu.vn,Dang Hoang Giang,11092000
21127270,student270@unihub.edu.vn,Hoang Gia Xuan,12052003
21127271,student271@unihub.edu.vn,Phan Gia Phuc,25042004
21127272,student272@unihub.edu.vn,Nguyen Thi An,26042004
21127273,student273@unihub.edu.vn,Le Duc Khanh,10102005
21127274,student274@unihub.edu.vn,Le Duc Hanh,04082003
21127275,student275@unihub.edu.vn,Le Phuong Nam,18122005
21127276,student276@unihub.edu.vn,Nguyen Phuong Phuc,11052002
21127277,student277@unihub.edu.vn,Pham Thi An,12022004
21127278,student278@unihub.edu.vn,Tran Phuong Giang,27102003
21127279,student279@unihub.edu.vn,Tran Duc Vinh,11092001
21127280,student280@unihub.edu.vn,Hoang Anh Ri,23012000
21127281,student281@unihub.edu.vn,Vu Thi Ien,27012002
21127282,student282@unihub.edu.vn,Tran Quoc Khanh,19102004
21127283,student283@unihub.edu.vn,Nguyen Gia Tung,22012004
21127284,student284@unihub.edu.vn,Tran Gia Son,23032005
21127285,student285@unihub.edu.vn,Phan Thi Cuong,11112000
21127286,student286@unihub.edu.vn,Do Quoc Ri,08012003
21127287,student287@unihub.edu.vn,Vu Hoang Em,07032003
21127288,student288@unihub.edu.vn,Vu Minh Phuc,11112001
21127289,student289@unihub.edu.vn,Le Minh Phong,02102005
21127290,student290@unihub.edu.vn,Tran Thanh Nam,02052003
21127291,student291@unihub.edu.vn,Do Thanh Em,06012001
21127292,student292@unihub.edu.vn,Pham Duc Nam,09072000
21127293,student293@unihub.edu.vn,Phan Gia Xuan,07042004
21127294,student294@unihub.edu.vn,Bui Duc Cuong,01022001
21127295,student295@unihub.edu.vn,Nguyen Thanh Em,24092005
21127296,student296@unihub.edu.vn,Pham Thanh Tung,01022003
21127297,student297@unihub.edu.vn,Dang Anh Nam,23062005
21127298,student298@unihub.edu.vn,Do Phuong Uyen,22062003
21127299,student299@unihub.edu.vn,Nguyen Thanh Quan,22082001
21127300,student300@unihub.edu.vn,Bui Thanh Xuan,10122003
21127301,student301@unihub.edu.vn,Pham Anh Khanh,25122001
21127302,student302@unihub.edu.vn,Bui Hoang Quan,24092001
21127303,student303@unihub.edu.vn,Dang Thanh Hanh,01092000
21127304,student304@unihub.edu.vn,Dang Thi Hanh,26102000
21127305,student305@unihub.edu.vn,Pham Quoc Cuong,09032000
21127306,student306@unihub.edu.vn,Nguyen Phuong Yen,06052005
21127307,student307@unihub.edu.vn,Nguyen Minh Quan,04102002
21127308,student308@unihub.edu.vn,Phan Thi Tung,17032003
21127309,student309@unihub.edu.vn,Vu Duc Nam,01102003
21127310,student310@unihub.edu.vn,Pham Thanh Uyen,25072002
21127311,student311@unihub.edu.vn,Vu Phuong Giang,26092000
21127312,student312@unihub.edu.vn,Do Duc Phuc,20042004
21127313,student313@unihub.edu.vn,Bui Quoc Quan,05052005
21127314,student314@unihub.edu.vn,Vu Minh Nam,23102005
21127315,student315@unihub.edu.vn,Vu Thanh Dung,16032003
21127316,student316@unihub.edu.vn,Bui Anh Khanh,08022002
21127317,student317@unihub.edu.vn,Bui Duc Minh,26012001
21127318,student318@unihub.edu.vn,Do Duc Lam,24082002
21127319,student319@unihub.edu.vn,Dang Gia Xuan,17062000
21127320,student320@unihub.edu.vn,Tran Thanh Oanh,06092004
21127321,student321@unihub.edu.vn,Pham Duc Yen,25052002
21127322,student322@unihub.edu.vn,Pham Quoc Son,25112004
21127323,student323@unihub.edu.vn,Phan Quoc Hanh,03042005
21127324,student324@unihub.edu.vn,Nguyen Hoang Em,16122002
21127325,student325@unihub.edu.vn,Tran Van Nam,13122004
21127326,student326@unihub.edu.vn,Le Phuong Son,02092001
21127327,student327@unihub.edu.vn,Tran Hoang Hanh,06122003
21127328,student328@unihub.edu.vn,Hoang Phuong Oanh,26062001
21127329,student329@unihub.edu.vn,Dang Quoc Son,26122003
21127330,student330@unihub.edu.vn,Nguyen Thi Oanh,25122001
21127331,student331@unihub.edu.vn,Vu Minh Phong,02092003
21127332,student332@unihub.edu.vn,Pham Quoc Phuc,10012005
21127333,student333@unihub.edu.vn,Le Anh Ien,06052003
21127334,student334@unihub.edu.vn,Phan Duc Oanh,28112004
21127335,student335@unihub.edu.vn,Nguyen Anh Binh,13102002
21127336,student336@unihub.edu.vn,Phan Anh Xuan,14082000
21127337,student337@unihub.edu.vn,Hoang Hoang An,25022001
21127338,student338@unihub.edu.vn,Hoang Van Yen,02012000
21127339,student339@unihub.edu.vn,Bui Hoang Hanh,07062000
21127340,student340@unihub.edu.vn,Nguyen Phuong Khanh,25082005
21127341,student341@unihub.edu.vn,Pham Van Giang,08062004
21127342,student342@unihub.edu.vn,Vu Quoc Ri,22022000
21127343,student343@unihub.edu.vn,Nguyen Duc Vinh,16052001
21127344,student344@unihub.edu.vn,Bui Hoang Yen,19112003
21127345,student345@unihub.edu.vn,Hoang Hoang Phuc,09062005
21127346,student346@unihub.edu.vn,Do Thi Khanh,05112004
21127347,student347@unihub.edu.vn,Tran Anh An,07022004
21127348,student348@unihub.edu.vn,Nguyen Hoang Phong,26062000
21127349,student349@unihub.edu.vn,Dang Anh Em,24092002
21127350,student350@unihub.edu.vn,Dang Gia Yen,16082004
21127351,student351@unihub.edu.vn,Nguyen Quoc An,15052005
21127352,student352@unihub.edu.vn,Phan Van Uyen,28042002
21127353,student353@unihub.edu.vn,Bui Minh Em,26062001
21127354,student354@unihub.edu.vn,Tran Gia Binh,02082000
21127355,student355@unihub.edu.vn,Pham Thi Ri,08032000
21127356,student356@unihub.edu.vn,Phan Quoc Vinh,17102005
21127357,student357@unihub.edu.vn,Dang Van Phong,20102002
21127358,student358@unihub.edu.vn,Phan Van Phong,02032005
21127359,student359@unihub.edu.vn,Bui Hoang Ri,14082005
21127360,student360@unihub.edu.vn,Le Thanh Minh,08022003
21127361,student361@unihub.edu.vn,Phan Thanh Phong,20122001
21127362,student362@unihub.edu.vn,Pham Quoc Nam,18052001
21127363,student363@unihub.edu.vn,Do Duc Xuan,04032000
21127364,student364@unihub.edu.vn,Bui Minh Cuong,13062003
21127365,student365@unihub.edu.vn,Do Hoang Ien,19032003
21127366,student366@unihub.edu.vn,Nguyen Phuong Cuong,01092003
21127367,student367@unihub.edu.vn,Pham Minh Tung,27072004
21127368,student368@unihub.edu.vn,Le Anh An,03102000
21127369,student369@unihub.edu.vn,Dang Duc Hanh,09022000
21127370,student370@unihub.edu.vn,Do Gia Binh,03032005
21127371,student371@unihub.edu.vn,Bui Quoc Phong,28062000
21127372,student372@unihub.edu.vn,Phan Thi Yen,23062004
21127373,student373@unihub.edu.vn,Le Hoang Giang,15092003
21127374,student374@unihub.edu.vn,Le Van Phong,07102001
21127375,student375@unihub.edu.vn,Le Minh Hanh,24112001
21127376,student376@unihub.edu.vn,Pham Thi Quan,21122000
21127377,student377@unihub.edu.vn,Le Hoang Binh,15062005
21127378,student378@unihub.edu.vn,Do Thi Em,24012000
21127379,student379@unihub.edu.vn,Dang Phuong Lam,13072001
21127380,student380@unihub.edu.vn,Do Gia Cuong,27082005
21127381,student381@unihub.edu.vn,Hoang Hoang Yen,15122000
21127382,student382@unihub.edu.vn,Phan Minh Cuong,14092001
21127383,student383@unihub.edu.vn,Do Duc Giang,08022000
21127384,student384@unihub.edu.vn,Le Thanh Dung,08092003
21127385,student385@unihub.edu.vn,Dang Van Cuong,04062004
21127386,student386@unihub.edu.vn,Phan Minh Yen,23032001
21127387,student387@unihub.edu.vn,Tran Van Giang,18062005
21127388,student388@unihub.edu.vn,Vu Thanh Uyen,19112002
21127389,student389@unihub.edu.vn,Pham Quoc Binh,09112004
21127390,student390@unihub.edu.vn,Nguyen Thanh An,16072003
21127391,student391@unihub.edu.vn,Tran Phuong Lam,22112002
21127392,student392@unihub.edu.vn,Phan Minh Cuong,01012004
21127393,student393@unihub.edu.vn,Pham Van Quan,14072003
21127394,student394@unihub.edu.vn,Bui Thi An,05112002
21127395,student395@unihub.edu.vn,Phan Thanh Cuong,10052002
21127396,student396@unihub.edu.vn,Bui Hoang Phuc,23112002
21127397,student397@unihub.edu.vn,Phan Hoang Minh,03052001
21127398,student398@unihub.edu.vn,Phan Minh An,03022005
21127399,student399@unihub.edu.vn,Phan Gia Ien,18062001
21127400,student400@unihub.edu.vn,Nguyen Minh Ien,26072004
21127401,student401@unihub.edu.vn,Hoang Hoang Cuong,27042001
21127402,student402@unihub.edu.vn,Hoang Anh Yen,12022000
21127403,student403@unihub.edu.vn,Do Thi Ri,02072000
21127404,student404@unihub.edu.vn,Tran Van Giang,03082003
21127405,student405@unihub.edu.vn,Phan Gia Vinh,20092004
21127406,student406@unihub.edu.vn,Bui Phuong Hanh,13012000
21127407,student407@unihub.edu.vn,Pham Thi Lam,01092001
21127408,student408@unihub.edu.vn,Vu Duc Vinh,24032004
21127409,student409@unihub.edu.vn,Hoang Anh Uyen,16092005
21127410,student410@unihub.edu.vn,Pham Thanh Xuan,08122002
21127411,student411@unihub.edu.vn,Le Phuong Hanh,09032001
21127412,student412@unihub.edu.vn,Nguyen Quoc An,19052000
21127413,student413@unihub.edu.vn,Hoang Thanh Cuong,13102000
21127414,student414@unihub.edu.vn,Le Van Minh,12012005
21127415,student415@unihub.edu.vn,Vu Minh Quan,20082002
21127416,student416@unihub.edu.vn,Pham Quoc Khanh,15072003
21127417,student417@unihub.edu.vn,Pham Thi Khanh,01062005
21127418,student418@unihub.edu.vn,Le Anh Ri,10112003
21127419,student419@unihub.edu.vn,Tran Thi Cuong,13122001
21127420,student420@unihub.edu.vn,Bui Thi Giang,19012004
21127421,student421@unihub.edu.vn,Pham Quoc Uyen,23012002
21127422,student422@unihub.edu.vn,Tran Duc Yen,14072003
21127423,student423@unihub.edu.vn,Do Quoc Dung,20052002
21127424,student424@unihub.edu.vn,Vu Hoang Oanh,06042003
21127425,student425@unihub.edu.vn,Le Quoc Quan,24112005
21127426,student426@unihub.edu.vn,Pham Gia Quan,20082003
21127427,student427@unihub.edu.vn,Phan Phuong Minh,09102000
21127428,student428@unihub.edu.vn,Tran Phuong Dung,25022005
21127429,student429@unihub.edu.vn,Vu Van Xuan,02072002
21127430,student430@unihub.edu.vn,Vu Quoc Ien,28062000
21127431,student431@unihub.edu.vn,Phan Quoc An,26032005
21127432,student432@unihub.edu.vn,Hoang Quoc Hanh,17032004
21127433,student433@unihub.edu.vn,Tran Thanh Yen,11122003
21127434,student434@unihub.edu.vn,Vu Duc Ien,14112001
21127435,student435@unihub.edu.vn,Phan Thanh Binh,16112000
21127436,student436@unihub.edu.vn,Bui Thi Lam,23072005
21127437,student437@unihub.edu.vn,Pham Thanh Quan,08052001
21127438,student438@unihub.edu.vn,Dang Phuong Dung,23042004
21127439,student439@unihub.edu.vn,Do Quoc Em,11042003
21127440,student440@unihub.edu.vn,Dang Quoc Uyen,11052001
21127441,student441@unihub.edu.vn,Dang Duc Tung,08122000
21127442,student442@unihub.edu.vn,Nguyen Anh Ien,12122001
21127443,student443@unihub.edu.vn,Vu Hoang Ri,14122003
21127444,student444@unihub.edu.vn,Hoang Thanh Khanh,14092000
21127445,student445@unihub.edu.vn,Nguyen Hoang Em,21032001
21127446,student446@unihub.edu.vn,Dang Hoang Xuan,01082005
21127447,student447@unihub.edu.vn,Dang Quoc Oanh,19012005
21127448,student448@unihub.edu.vn,Hoang Quoc Lam,22032005
21127449,student449@unihub.edu.vn,Phan Anh Minh,03102004
21127450,student450@unihub.edu.vn,Dang Minh Dung,27022002
21127451,student451@unihub.edu.vn,Vu Gia Nam,27102001
21127452,student452@unihub.edu.vn,Bui Gia Phuc,06082005
21127453,student453@unihub.edu.vn,Dang Hoang Em,04122003
21127454,student454@unihub.edu.vn,Le Hoang Binh,15092004
21127455,student455@unihub.edu.vn,Nguyen Thanh An,05032002
21127456,student456@unihub.edu.vn,Le Hoang Son,13092001
21127457,student457@unihub.edu.vn,Do Phuong Nam,14082004
21127458,student458@unihub.edu.vn,Nguyen Hoang Lam,03122002
21127459,student459@unihub.edu.vn,Nguyen Hoang Minh,02082005
21127460,student460@unihub.edu.vn,Phan Quoc Nam,21082004
21127461,student461@unihub.edu.vn,Phan Minh Phuc,16022005
21127462,student462@unihub.edu.vn,Le Duc Phong,13032004
21127463,student463@unihub.edu.vn,Tran Hoang Dung,28022002
21127464,student464@unihub.edu.vn,Vu Minh Minh,20092000
21127465,student465@unihub.edu.vn,Le Duc Minh,11022005
21127466,student466@unihub.edu.vn,Pham Thi Phuc,14012000
21127467,student467@unihub.edu.vn,Hoang Hoang Lam,22082001
21127468,student468@unihub.edu.vn,Nguyen Van Em,12052003
21127469,student469@unihub.edu.vn,Dang Hoang Vinh,12032004
21127470,student470@unihub.edu.vn,Do Thanh Quan,06072001
21127471,student471@unihub.edu.vn,Dang Minh Son,14062000
21127472,student472@unihub.edu.vn,Bui Quoc Ri,09122002
21127473,student473@unihub.edu.vn,Nguyen Quoc Giang,13102002
21127474,student474@unihub.edu.vn,Hoang Phuong Yen,04062003
21127475,student475@unihub.edu.vn,Pham Duc Vinh,17092000
21127476,student476@unihub.edu.vn,Le Van Uyen,22122003
21127477,student477@unihub.edu.vn,Phan Minh Minh,23062001
21127478,student478@unihub.edu.vn,Nguyen Thi An,05072003
21127479,student479@unihub.edu.vn,Do Hoang Giang,02102001
21127480,student480@unihub.edu.vn,Hoang Anh Xuan,10092001
21127481,student481@unihub.edu.vn,Tran Quoc Em,24062005
21127482,student482@unihub.edu.vn,Pham Quoc Em,18112000
21127483,student483@unihub.edu.vn,Dang Hoang Hanh,10092005
21127484,student484@unihub.edu.vn,Pham Van Tung,10062004
21127485,student485@unihub.edu.vn,Le Phuong Yen,05052002
21127486,student486@unihub.edu.vn,Le Gia Giang,16062003
21127487,student487@unihub.edu.vn,Tran Thi Hanh,10092001
21127488,student488@unihub.edu.vn,Le Thi Cuong,09072000
21127489,student489@unihub.edu.vn,Vu Hoang Giang,12042005
21127490,student490@unihub.edu.vn,Hoang Thi Tung,09122003
21127491,student491@unihub.edu.vn,Pham Thanh Ien,10012000
21127492,student492@unihub.edu.vn,Dang Anh Hanh,12052005
21127493,student493@unihub.edu.vn,Tran Anh Phuc,05112000
21127494,student494@unihub.edu.vn,Le Hoang Nam,07072004
21127495,student495@unihub.edu.vn,Hoang Van Khanh,08062000
21127496,student496@unihub.edu.vn,Pham Thanh Giang,22042003
21127497,student497@unihub.edu.vn,Nguyen Duc Khanh,19072001
21127498,student498@unihub.edu.vn,Le Gia Dung,18062004
21127499,student499@unihub.edu.vn,Nguyen Thanh Tung,04062000
21127500,student500@unihub.edu.vn,Do Minh Uyen,09102005
21127501,student501@unihub.edu.vn,Le Duc An,26072005
21127502,student502@unihub.edu.vn,Nguyen Anh Quan,13012002
21127503,student503@unihub.edu.vn,Bui Minh Nam,12092002
21127504,student504@unihub.edu.vn,Tran Phuong Oanh,24082004
21127505,student505@unihub.edu.vn,Dang Minh Vinh,10102001
21127506,student506@unihub.edu.vn,Pham Quoc Cuong,15082000
21127507,student507@unihub.edu.vn,Le Gia Giang,27102001
21127508,student508@unihub.edu.vn,Dang Van Binh,24062000
21127509,student509@unihub.edu.vn,Le Hoang Xuan,16012002
21127510,student510@unihub.edu.vn,Dang Phuong Tung,22102002
21127511,student511@unihub.edu.vn,Phan Van Ien,08082004
21127512,student512@unihub.edu.vn,Bui Duc Ri,21012005
21127513,student513@unihub.edu.vn,Vu Van Phong,07092004
21127514,student514@unihub.edu.vn,Vu Duc Xuan,07072003
21127515,student515@unihub.edu.vn,Vu Phuong Lam,06102001
21127516,student516@unihub.edu.vn,Phan Duc Vinh,26082001
21127517,student517@unihub.edu.vn,Phan Duc Binh,03012005
21127518,student518@unihub.edu.vn,Bui Thi An,11092001
21127519,student519@unihub.edu.vn,Tran Minh Oanh,19022002
21127520,student520@unihub.edu.vn,Phan Thanh Binh,22052001
21127521,student521@unihub.edu.vn,Hoang Hoang Dung,17122003
21127522,student522@unihub.edu.vn,Nguyen Thi Oanh,07032003
21127523,student523@unihub.edu.vn,Phan Thi Giang,23022004
21127524,student524@unihub.edu.vn,Hoang Thanh Dung,14112001
21127525,student525@unihub.edu.vn,Dang Thi Lam,09012003
21127526,student526@unihub.edu.vn,Bui Van Lam,01032003
21127527,student527@unihub.edu.vn,Phan Phuong An,14082000
21127528,student528@unihub.edu.vn,Le Phuong Binh,06052005
21127529,student529@unihub.edu.vn,Le Duc Ri,01092000
21127530,student530@unihub.edu.vn,Hoang Duc Hanh,12102005
21127531,student531@unihub.edu.vn,Dang Duc Xuan,14122005
21127532,student532@unihub.edu.vn,Le Thanh Uyen,02122002
21127533,student533@unihub.edu.vn,Le Thanh Khanh,09042000
21127534,student534@unihub.edu.vn,Tran Duc Ri,28092003
21127535,student535@unihub.edu.vn,Hoang Duc Vinh,02072002
21127536,student536@unihub.edu.vn,Hoang Van Quan,23122003
21127537,student537@unihub.edu.vn,Hoang Anh Yen,07042002
21127538,student538@unihub.edu.vn,Phan Thi Tung,07012000
21127539,student539@unihub.edu.vn,Pham Hoang Tung,20082002
21127540,student540@unihub.edu.vn,Tran Phuong Ien,01122003
21127541,student541@unihub.edu.vn,Vu Thi Quan,16032001
21127542,student542@unihub.edu.vn,Pham Anh Cuong,20032000
21127543,student543@unihub.edu.vn,Do Quoc Son,10082004
21127544,student544@unihub.edu.vn,Nguyen Anh Cuong,03082004
21127545,student545@unihub.edu.vn,Tran Anh Quan,26072000
21127546,student546@unihub.edu.vn,Vu Quoc Xuan,08072004
21127547,student547@unihub.edu.vn,Hoang Thanh Tung,15112005
21127548,student548@unihub.edu.vn,Phan Minh Tung,09122000
21127549,student549@unihub.edu.vn,Do Quoc Xuan,22122000
21127550,student550@unihub.edu.vn,Dang Hoang Em,10042001
21127551,student551@unihub.edu.vn,Dang Duc Dung,07112004
21127552,student552@unihub.edu.vn,Phan Duc Oanh,03092000
21127553,student553@unihub.edu.vn,Do Phuong Phuc,27052000
21127554,student554@unihub.edu.vn,Bui Thanh Tung,03012005
21127555,student555@unihub.edu.vn,Dang Hoang Binh,13102004
21127556,student556@unihub.edu.vn,Vu Gia Ri,27042004
21127557,student557@unihub.edu.vn,Bui Quoc Giang,14042001
21127558,student558@unihub.edu.vn,Vu Minh Dung,27122000
21127559,student559@unihub.edu.vn,Do Hoang Minh,12072004
21127560,student560@unihub.edu.vn,Bui Phuong Phuc,15062000
21127561,student561@unihub.edu.vn,Phan Hoang An,26092004
21127562,student562@unihub.edu.vn,Dang Duc Phuc,07102001
21127563,student563@unihub.edu.vn,Phan Thanh Phuc,21102001
21127564,student564@unihub.edu.vn,Pham Phuong Vinh,14032005
21127565,student565@unihub.edu.vn,Hoang Duc Em,24102001
21127566,student566@unihub.edu.vn,Phan Phuong Hanh,09042003
21127567,student567@unihub.edu.vn,Bui Quoc Son,15102000
21127568,student568@unihub.edu.vn,Pham Thanh Son,09052002
21127569,student569@unihub.edu.vn,Nguyen Anh Nam,12052002
21127570,student570@unihub.edu.vn,Le Quoc Xuan,21032005
21127571,student571@unihub.edu.vn,Dang Thanh Khanh,26122004
21127572,student572@unihub.edu.vn,Le Phuong Binh,23012004
21127573,student573@unihub.edu.vn,Pham Thanh Son,11092000
21127574,student574@unihub.edu.vn,Tran Hoang Em,17052001
21127575,student575@unihub.edu.vn,Phan Duc Yen,14072001
21127576,student576@unihub.edu.vn,Hoang Thi Oanh,15012002
21127577,student577@unihub.edu.vn,Bui Hoang Hanh,14022005
21127578,student578@unihub.edu.vn,Nguyen Van Khanh,13062001
21127579,student579@unihub.edu.vn,Dang Thanh Ri,16032003
21127580,student580@unihub.edu.vn,Bui Hoang Nam,11012000
21127581,student581@unihub.edu.vn,Dang Phuong Quan,15072000
21127582,student582@unihub.edu.vn,Pham Duc Quan,06022001
21127583,student583@unihub.edu.vn,Pham Minh Son,05042005
21127584,student584@unihub.edu.vn,Le Quoc Phong,04082003
21127585,student585@unihub.edu.vn,Hoang Phuong Son,14102004
21127586,student586@unihub.edu.vn,Pham Phuong Lam,01012002
21127587,student587@unihub.edu.vn,Hoang Duc An,09032000
21127588,student588@unihub.edu.vn,Phan Duc An,08052001
21127589,student589@unihub.edu.vn,Dang Minh Lam,08062004
21127590,student590@unihub.edu.vn,Bui Hoang An,04022004
21127591,student591@unihub.edu.vn,Tran Anh Cuong,23032000
21127592,student592@unihub.edu.vn,Do Thanh An,11042003
21127593,student593@unihub.edu.vn,Hoang Van Dung,07112005
21127594,student594@unihub.edu.vn,Phan Hoang Vinh,16062004
21127595,student595@unihub.edu.vn,Dang Thanh Hanh,26052002
21127596,student596@unihub.edu.vn,Hoang Quoc Phuc,26092000
21127597,student597@unihub.edu.vn,Hoang Anh Phong,24082000
21127598,student598@unihub.edu.vn,Pham Quoc Giang,15072001
21127599,student599@unihub.edu.vn,Tran Thanh Yen,15122004
21127600,student600@unihub.edu.vn,Pham Thi Quan,23012005
21127601,student601@unihub.edu.vn,Tran Quoc Binh,24092005
21127602,student602@unihub.edu.vn,Dang Thi Hanh,16042000
21127603,student603@unihub.edu.vn,Vu Minh Ien,28072004
21127604,student604@unihub.edu.vn,Do Gia Dung,04102005
21127605,student605@unihub.edu.vn,Nguyen Van Xuan,05122003
21127606,student606@unihub.edu.vn,Le Duc Nam,07022002
21127607,student607@unihub.edu.vn,Nguyen Quoc Binh,24082005
21127608,student608@unihub.edu.vn,Pham Van Em,18012001
21127609,student609@unihub.edu.vn,Hoang Gia Minh,28042005
21127610,student610@unihub.edu.vn,Bui Thi Uyen,25052005
21127611,student611@unihub.edu.vn,Do Minh Uyen,12052004
21127612,student612@unihub.edu.vn,Bui Van Cuong,24032000
21127613,student613@unihub.edu.vn,Bui Thi Hanh,08072004
21127614,student614@unihub.edu.vn,Phan Thi Dung,18122002
21127615,student615@unihub.edu.vn,Nguyen Gia Hanh,18122000
21127616,student616@unihub.edu.vn,Phan Thi Vinh,10102002
21127617,student617@unihub.edu.vn,Phan Phuong Cuong,22022005
21127618,student618@unihub.edu.vn,Do Gia Ri,06032005
21127619,student619@unihub.edu.vn,Nguyen Thanh Phong,09012003
21127620,student620@unihub.edu.vn,Do Thi Phong,02092002
21127621,student621@unihub.edu.vn,Do Hoang Minh,01082003
21127622,student622@unihub.edu.vn,Tran Minh Minh,09122002
21127623,student623@unihub.edu.vn,Hoang Quoc Lam,15052004
21127624,student624@unihub.edu.vn,Pham Thanh Ien,21032005
21127625,student625@unihub.edu.vn,Do Phuong Xuan,08052004
21127626,student626@unihub.edu.vn,Do Phuong Em,16072005
21127627,student627@unihub.edu.vn,Dang Gia Giang,27052004
21127628,student628@unihub.edu.vn,Bui Minh Em,01022003
21127629,student629@unihub.edu.vn,Nguyen Hoang Lam,04032000
21127630,student630@unihub.edu.vn,Tran Thi Ien,26082000
21127631,student631@unihub.edu.vn,Dang Anh Hanh,28022002
21127632,student632@unihub.edu.vn,Phan Gia Phong,17072002
21127633,student633@unihub.edu.vn,Le Duc Yen,21102003
21127634,student634@unihub.edu.vn,Dang Quoc Oanh,17082000
21127635,student635@unihub.edu.vn,Pham Quoc Tung,08022001
21127636,student636@unihub.edu.vn,Pham Quoc Yen,05022003
21127637,student637@unihub.edu.vn,Tran Duc Cuong,22012005
21127638,student638@unihub.edu.vn,Tran Duc Nam,16122000
21127639,student639@unihub.edu.vn,Hoang Gia Ri,17082000
21127640,student640@unihub.edu.vn,Do Thi Phuc,10062005
21127641,student641@unihub.edu.vn,Hoang Quoc Khanh,24032004
21127642,student642@unihub.edu.vn,Phan Duc Vinh,28012005
21127643,student643@unihub.edu.vn,Dang Anh Minh,24052004
21127644,student644@unihub.edu.vn,Tran Duc Tung,26112000
21127645,student645@unihub.edu.vn,Tran Quoc Phong,22092004
21127646,student646@unihub.edu.vn,Tran Minh Khanh,04102001
21127647,student647@unihub.edu.vn,Nguyen Hoang Uyen,14102000
21127648,student648@unihub.edu.vn,Bui Thanh Lam,28072003
21127649,student649@unihub.edu.vn,Tran Gia Oanh,03082001
21127650,student650@unihub.edu.vn,Vu Anh An,03012004
21127651,student651@unihub.edu.vn,Dang Quoc Vinh,20092003
21127652,student652@unihub.edu.vn,Do Van Son,25022003
21127653,student653@unihub.edu.vn,Nguyen Phuong Hanh,20092002
21127654,student654@unihub.edu.vn,Le Duc Em,01082005
21127655,student655@unihub.edu.vn,Nguyen Gia Khanh,20092000
21127656,student656@unihub.edu.vn,Hoang Thi Lam,15052002
21127657,student657@unihub.edu.vn,Phan Hoang Minh,13052000
21127658,student658@unihub.edu.vn,Nguyen Minh Ri,28052002
21127659,student659@unihub.edu.vn,Dang Thi Uyen,18092002
21127660,student660@unihub.edu.vn,Tran Duc Khanh,06032004
21127661,student661@unihub.edu.vn,Phan Quoc Phuc,27062001
21127662,student662@unihub.edu.vn,Le Thi Hanh,23102003
21127663,student663@unihub.edu.vn,Dang Thi Uyen,07092002
21127664,student664@unihub.edu.vn,Bui Van Quan,05032000
21127665,student665@unihub.edu.vn,Tran Gia Vinh,04092001
21127666,student666@unihub.edu.vn,Dang Anh Dung,18122002
21127667,student667@unihub.edu.vn,Hoang Minh Quan,26122004
21127668,student668@unihub.edu.vn,Phan Minh An,10122001
21127669,student669@unihub.edu.vn,Hoang Van Vinh,05122005
21127670,student670@unihub.edu.vn,Le Hoang Phong,23072002
21127671,student671@unihub.edu.vn,Tran Quoc Hanh,07102000
21127672,student672@unihub.edu.vn,Dang Thanh Xuan,16072004
21127673,student673@unihub.edu.vn,Hoang Thi Yen,13022002
21127674,student674@unihub.edu.vn,Le Van Lam,25052001
21127675,student675@unihub.edu.vn,Pham Hoang Uyen,06062001
21127676,student676@unihub.edu.vn,Hoang Minh Quan,26042004
21127677,student677@unihub.edu.vn,Phan Hoang Uyen,05032000
21127678,student678@unihub.edu.vn,Tran Thi Ien,03012002
21127679,student679@unihub.edu.vn,Bui Anh An,18042004
21127680,student680@unihub.edu.vn,Phan Phuong Phuc,10072001
21127681,student681@unihub.edu.vn,Le Hoang Oanh,12082003
21127682,student682@unihub.edu.vn,Pham Van Lam,06062001
21127683,student683@unihub.edu.vn,Nguyen Anh Dung,25092005
21127684,student684@unihub.edu.vn,Dang Phuong Quan,07052004
21127685,student685@unihub.edu.vn,Bui Van Yen,19052005
21127686,student686@unihub.edu.vn,Dang Thi Phuc,18082000
21127687,student687@unihub.edu.vn,Nguyen Duc Hanh,13092004
21127688,student688@unihub.edu.vn,Nguyen Van Xuan,21052004
21127689,student689@unihub.edu.vn,Le Thi Ien,24032005
21127690,student690@unihub.edu.vn,Vu Phuong Ien,22102001
21127691,student691@unihub.edu.vn,Pham Phuong Vinh,26122000
21127692,student692@unihub.edu.vn,Dang Anh Phong,27012004
21127693,student693@unihub.edu.vn,Phan Minh Hanh,23012003
21127694,student694@unihub.edu.vn,Dang Thi Giang,07042000
21127695,student695@unihub.edu.vn,Vu Thanh Xuan,22112005
21127696,student696@unihub.edu.vn,Hoang Gia Khanh,12082002
21127697,student697@unihub.edu.vn,Pham Minh Giang,21032004
21127698,student698@unihub.edu.vn,Do Gia Yen,20122003
21127699,student699@unihub.edu.vn,Pham Hoang Hanh,11062001
21127700,student700@unihub.edu.vn,Do Phuong Dung,11102002
21127701,student701@unihub.edu.vn,Phan Hoang Ien,16032001
21127702,student702@unihub.edu.vn,Hoang Duc Tung,07092001
21127703,student703@unihub.edu.vn,Le Quoc Hanh,05092002
21127704,student704@unihub.edu.vn,Nguyen Van Giang,15042001
21127705,student705@unihub.edu.vn,Bui Anh Em,04052001
21127706,student706@unihub.edu.vn,Bui Gia Ien,22022000
21127707,student707@unihub.edu.vn,Nguyen Phuong Oanh,19012000
21127708,student708@unihub.edu.vn,Vu Gia Cuong,05042005
21127709,student709@unihub.edu.vn,Phan Van An,16092003
21127710,student710@unihub.edu.vn,Nguyen Minh Dung,03122003
21127711,student711@unihub.edu.vn,Vu Anh Xuan,19072004
21127712,student712@unihub.edu.vn,Hoang Gia Khanh,09102003
21127713,student713@unihub.edu.vn,Tran Thanh Lam,21052003
21127714,student714@unihub.edu.vn,Nguyen Minh Lam,06022000
21127715,student715@unihub.edu.vn,Pham Thanh Lam,01092000
21127716,student716@unihub.edu.vn,Pham Van Son,26092003
21127717,student717@unihub.edu.vn,Do Minh Tung,13022001
21127718,student718@unihub.edu.vn,Bui Hoang Uyen,17052002
21127719,student719@unihub.edu.vn,Le Duc Yen,01022002
21127720,student720@unihub.edu.vn,Hoang Gia Quan,23112004
21127721,student721@unihub.edu.vn,Pham Minh Oanh,04072002
21127722,student722@unihub.edu.vn,Hoang Quoc Ien,14122005
21127723,student723@unihub.edu.vn,Phan Duc Binh,05062004
21127724,student724@unihub.edu.vn,Nguyen Minh Minh,08022000
21127725,student725@unihub.edu.vn,Vu Duc Xuan,17022005
21127726,student726@unihub.edu.vn,Vu Anh Ri,01072000
21127727,student727@unihub.edu.vn,Do Van Lam,21072001
21127728,student728@unihub.edu.vn,Pham Minh Vinh,18042005
21127729,student729@unihub.edu.vn,Phan Thanh Quan,16052000
21127730,student730@unihub.edu.vn,Dang Gia Oanh,15122001
21127731,student731@unihub.edu.vn,Bui Phuong Uyen,15032005
21127732,student732@unihub.edu.vn,Hoang Hoang Binh,10012000
21127733,student733@unihub.edu.vn,Tran Phuong An,27052002
21127734,student734@unihub.edu.vn,Pham Duc Dung,28082001
21127735,student735@unihub.edu.vn,Le Duc Xuan,09052002
21127736,student736@unihub.edu.vn,Nguyen Minh An,02032003
21127737,student737@unihub.edu.vn,Do Quoc Hanh,02052004
21127738,student738@unihub.edu.vn,Phan Gia Son,09102002
21127739,student739@unihub.edu.vn,Tran Van Khanh,21042002
21127740,student740@unihub.edu.vn,Do Minh Em,10062000
21127741,student741@unihub.edu.vn,Le Thi Hanh,01052001
21127742,student742@unihub.edu.vn,Pham Duc An,20052005
21127743,student743@unihub.edu.vn,Bui Hoang Ri,28032001
21127744,student744@unihub.edu.vn,Vu Quoc An,18072000
21127745,student745@unihub.edu.vn,Phan Minh Khanh,08052000
21127746,student746@unihub.edu.vn,Hoang Quoc Phuc,09012004
21127747,student747@unihub.edu.vn,Bui Quoc Dung,17012002
21127748,student748@unihub.edu.vn,Phan Van Yen,03072003
21127749,student749@unihub.edu.vn,Pham Minh Quan,14082003
21127750,student750@unihub.edu.vn,Nguyen Van Son,26102001
21127751,student751@unihub.edu.vn,Nguyen Minh Phong,15022005
21127752,student752@unihub.edu.vn,Le Van Khanh,27112004
21127753,student753@unihub.edu.vn,Phan Gia Vinh,05092003
21127754,student754@unihub.edu.vn,Dang Thanh Lam,25032005
21127755,student755@unihub.edu.vn,Nguyen Quoc Minh,13052000
21127756,student756@unihub.edu.vn,Le Gia Binh,03082000
21127757,student757@unihub.edu.vn,Phan Duc Binh,04042001
21127758,student758@unihub.edu.vn,Pham Van Minh,02092001
21127759,student759@unihub.edu.vn,Nguyen Van Quan,04092001
21127760,student760@unihub.edu.vn,Dang Gia Yen,09072003
21127761,student761@unihub.edu.vn,Hoang Hoang Phong,15112002
21127762,student762@unihub.edu.vn,Hoang Duc Quan,04112000
21127763,student763@unihub.edu.vn,Hoang Quoc Minh,23052002
21127764,student764@unihub.edu.vn,Dang Thi Uyen,02072005
21127765,student765@unihub.edu.vn,Hoang Thanh Son,02052003
21127766,student766@unihub.edu.vn,Bui Thanh Dung,01082004
21127767,student767@unihub.edu.vn,Bui Phuong Lam,06042000
21127768,student768@unihub.edu.vn,Tran Duc Phuc,10032004
21127769,student769@unihub.edu.vn,Dang Duc Phong,23052000
21127770,student770@unihub.edu.vn,Dang Thi Phong,22112003
21127771,student771@unihub.edu.vn,Pham Quoc Khanh,05082000
21127772,student772@unihub.edu.vn,Tran Thanh Yen,21072004
21127773,student773@unihub.edu.vn,Do Thanh Ien,17112000
21127774,student774@unihub.edu.vn,Vu Quoc Oanh,22012001
21127775,student775@unihub.edu.vn,Nguyen Duc Xuan,20102000
21127776,student776@unihub.edu.vn,Dang Anh Oanh,16012005
21127777,student777@unihub.edu.vn,Phan Minh Lam,01112003
21127778,student778@unihub.edu.vn,Dang Duc Ri,24012004
21127779,student779@unihub.edu.vn,Nguyen Gia Em,15052005
21127780,student780@unihub.edu.vn,Dang Phuong Binh,28082000
21127781,student781@unihub.edu.vn,Dang Thi Nam,07092003
21127782,student782@unihub.edu.vn,Bui Gia Son,12092005
21127783,student783@unihub.edu.vn,Vu Phuong Lam,22042003
21127784,student784@unihub.edu.vn,Vu Anh Lam,07032004
21127785,student785@unihub.edu.vn,Hoang Minh Giang,21052002
21127786,student786@unihub.edu.vn,Dang Phuong Giang,07122000
21127787,student787@unihub.edu.vn,Hoang Hoang Phong,24102001
21127788,student788@unihub.edu.vn,Hoang Phuong Giang,20082005
21127789,student789@unihub.edu.vn,Vu Hoang Hanh,27082002
21127790,student790@unihub.edu.vn,Bui Duc Yen,01102001
21127791,student791@unihub.edu.vn,Bui Duc Ri,01022003
21127792,student792@unihub.edu.vn,Vu Anh Khanh,15092002
21127793,student793@unihub.edu.vn,Vu Thanh Son,04122005
21127794,student794@unihub.edu.vn,Phan Van Xuan,18012002
21127795,student795@unihub.edu.vn,Dang Quoc Vinh,27042003
21127796,student796@unihub.edu.vn,Nguyen Duc Cuong,01032005
21127797,student797@unihub.edu.vn,Dang Minh Giang,05052002
21127798,student798@unihub.edu.vn,Bui Phuong Quan,13122004
21127799,student799@unihub.edu.vn,Dang Anh Binh,01012005
21127800,student800@unihub.edu.vn,Phan Duc Binh,15082004
21127801,student801@unihub.edu.vn,Vu Thanh Em,14122005
21127802,student802@unihub.edu.vn,Vu Duc Minh,10062000
21127803,student803@unihub.edu.vn,Phan Gia Lam,18032001
21127804,student804@unihub.edu.vn,Do Thanh Khanh,20042001
21127805,student805@unihub.edu.vn,Dang Gia Tung,28102004
21127806,student806@unihub.edu.vn,Nguyen Thanh Nam,06102005
21127807,student807@unihub.edu.vn,Hoang Minh Hanh,05052004
21127808,student808@unihub.edu.vn,Tran Quoc An,20052005
21127809,student809@unihub.edu.vn,Do Phuong Xuan,10022001
21127810,student810@unihub.edu.vn,Nguyen Van Dung,01092003
21127811,student811@unihub.edu.vn,Vu Thi Minh,21122005
21127812,student812@unihub.edu.vn,Phan Minh Cuong,16052000
21127813,student813@unihub.edu.vn,Hoang Gia Phuc,17112001
21127814,student814@unihub.edu.vn,Vu Minh Vinh,11052001
21127815,student815@unihub.edu.vn,Tran Duc Dung,06022002
21127816,student816@unihub.edu.vn,Vu Hoang Hanh,10032005
21127817,student817@unihub.edu.vn,Hoang Gia Yen,20082001
21127818,student818@unihub.edu.vn,Vu Minh Oanh,04072005
21127819,student819@unihub.edu.vn,Vu Hoang An,20082004
21127820,student820@unihub.edu.vn,Le Thanh Khanh,09072002
21127821,student821@unihub.edu.vn,Do Van Phuc,02092004
21127822,student822@unihub.edu.vn,Do Duc Ien,21082001
21127823,student823@unihub.edu.vn,Vu Van Vinh,25032003
21127824,student824@unihub.edu.vn,Phan Thi Vinh,11042002
21127825,student825@unihub.edu.vn,Bui Quoc Khanh,21082003
21127826,student826@unihub.edu.vn,Le Quoc Phong,06082003
21127827,student827@unihub.edu.vn,Hoang Hoang Phuc,05032005
21127828,student828@unihub.edu.vn,Tran Thanh Tung,23082002
21127829,student829@unihub.edu.vn,Dang Hoang An,13012001
21127830,student830@unihub.edu.vn,Vu Gia Phong,16112004
21127831,student831@unihub.edu.vn,Le Van Em,08042002
21127832,student832@unihub.edu.vn,Phan Van Uyen,06082004
21127833,student833@unihub.edu.vn,Nguyen Quoc Nam,17112001
21127834,student834@unihub.edu.vn,Nguyen Thanh Son,03032001
21127835,student835@unihub.edu.vn,Do Phuong Phong,24042003
21127836,student836@unihub.edu.vn,Do Thi Vinh,10042002
21127837,student837@unihub.edu.vn,Pham Hoang Cuong,05032000
21127838,student838@unihub.edu.vn,Do Quoc Ien,24052002
21127839,student839@unihub.edu.vn,Do Duc Phuc,21062001
21127840,student840@unihub.edu.vn,Vu Gia An,08052001
21127841,student841@unihub.edu.vn,Dang Quoc Em,21022001
21127842,student842@unihub.edu.vn,Vu Anh Ri,03062000
21127843,student843@unihub.edu.vn,Tran Van Quan,08072003
21127844,student844@unihub.edu.vn,Dang Minh Son,28102001
21127845,student845@unihub.edu.vn,Tran Gia Uyen,19102000
21127846,student846@unihub.edu.vn,Phan Quoc Binh,23122001
21127847,student847@unihub.edu.vn,Pham Gia Ien,21102001
21127848,student848@unihub.edu.vn,Hoang Phuong Cuong,21012002
21127849,student849@unihub.edu.vn,Le Anh Xuan,20102002
21127850,student850@unihub.edu.vn,Vu Anh Yen,17032001
21127851,student851@unihub.edu.vn,Hoang Gia Vinh,09062005
21127852,student852@unihub.edu.vn,Pham Duc Phong,13072001
21127853,student853@unihub.edu.vn,Phan Quoc Tung,26052003
21127854,student854@unihub.edu.vn,Do Phuong Khanh,22092000
21127855,student855@unihub.edu.vn,Bui Thanh Quan,12042004
21127856,student856@unihub.edu.vn,Do Hoang Ien,16042005
21127857,student857@unihub.edu.vn,Bui Thanh Ien,28032001
21127858,student858@unihub.edu.vn,Nguyen Thi Tung,20052002
21127859,student859@unihub.edu.vn,Tran Quoc Nam,12092001
21127860,student860@unihub.edu.vn,Do Anh Nam,21082001
21127861,student861@unihub.edu.vn,Phan Thanh Minh,04112001
21127862,student862@unihub.edu.vn,Tran Van Tung,15022001
21127863,student863@unihub.edu.vn,Dang Hoang Ien,16012002
21127864,student864@unihub.edu.vn,Vu Gia Vinh,16072000
21127865,student865@unihub.edu.vn,Le Phuong Cuong,13012003
21127866,student866@unihub.edu.vn,Vu Minh Phong,10042002
21127867,student867@unihub.edu.vn,Nguyen Phuong Nam,16072003
21127868,student868@unihub.edu.vn,Phan Phuong An,11012000
21127869,student869@unihub.edu.vn,Phan Anh Xuan,11062002
21127870,student870@unihub.edu.vn,Bui Gia Phong,19092005
21127871,student871@unihub.edu.vn,Bui Hoang Giang,02022002
21127872,student872@unihub.edu.vn,Tran Hoang Vinh,04092001
21127873,student873@unihub.edu.vn,Le Thi Yen,04042003
21127874,student874@unihub.edu.vn,Le Hoang Dung,01102002
21127875,student875@unihub.edu.vn,Hoang Quoc Oanh,17022005
21127876,student876@unihub.edu.vn,Phan Phuong Tung,05072001
21127877,student877@unihub.edu.vn,Vu Thi Ien,07032005
21127878,student878@unihub.edu.vn,Do Duc Em,22112001
21127879,student879@unihub.edu.vn,Bui Phuong Em,11072000
21127880,student880@unihub.edu.vn,Pham Thanh Phong,25032005
21127881,student881@unihub.edu.vn,Vu Hoang Giang,22112003
21127882,student882@unihub.edu.vn,Dang Minh Quan,25052001
21127883,student883@unihub.edu.vn,Hoang Gia Em,28042005
21127884,student884@unihub.edu.vn,Do Thi Uyen,24042002
21127885,student885@unihub.edu.vn,Tran Duc Em,13092004
21127886,student886@unihub.edu.vn,Hoang Anh Yen,06012003
21127887,student887@unihub.edu.vn,Nguyen Minh Tung,04122005
21127888,student888@unihub.edu.vn,Do Hoang Xuan,19102001
21127889,student889@unihub.edu.vn,Vu Duc Hanh,20102005
21127890,student890@unihub.edu.vn,Nguyen Thi Giang,27082001
21127891,student891@unihub.edu.vn,Do Hoang Quan,28082000
21127892,student892@unihub.edu.vn,Vu Anh Binh,28012004
21127893,student893@unihub.edu.vn,Hoang Hoang Quan,17122004
21127894,student894@unihub.edu.vn,Phan Minh Hanh,06012003
21127895,student895@unihub.edu.vn,Tran Thi Dung,26092003
21127896,student896@unihub.edu.vn,Vu Minh Phuc,01062001
21127897,student897@unihub.edu.vn,Do Anh Khanh,08022003
21127898,student898@unihub.edu.vn,Nguyen Minh An,05022003
21127899,student899@unihub.edu.vn,Tran Phuong Dung,01102002
21127900,student900@unihub.edu.vn,Dang Van Uyen,22112003
21127901,student901@unihub.edu.vn,Tran Anh Yen,24042002
21127902,student902@unihub.edu.vn,Nguyen Minh Binh,01062003
21127903,student903@unihub.edu.vn,Do Thanh Em,07032004
21127904,student904@unihub.edu.vn,Do Phuong Dung,26092002
21127905,student905@unihub.edu.vn,Nguyen Phuong Son,18032000
21127906,student906@unihub.edu.vn,Vu Phuong Son,19122001
21127907,student907@unihub.edu.vn,Nguyen Van Phuc,27102003
21127908,student908@unihub.edu.vn,Do Gia Phong,10122000
21127909,student909@unihub.edu.vn,Le Van Tung,23112004
21127910,student910@unihub.edu.vn,Dang Anh Ri,22112005
21127911,student911@unihub.edu.vn,Hoang Hoang Binh,26022005
21127912,student912@unihub.edu.vn,Hoang Phuong Nam,07092005
21127913,student913@unihub.edu.vn,Pham Minh An,05092004
21127914,student914@unihub.edu.vn,Nguyen Quoc An,03102003
21127915,student915@unihub.edu.vn,Bui Gia Tung,25092004
21127916,student916@unihub.edu.vn,Bui Phuong Binh,09112004
21127917,student917@unihub.edu.vn,Vu Minh Dung,13102005
21127918,student918@unihub.edu.vn,Dang Anh Oanh,11122004
21127919,student919@unihub.edu.vn,Tran Phuong Quan,16072004
21127920,student920@unihub.edu.vn,Vu Thanh Khanh,24092003
21127921,student921@unihub.edu.vn,Bui Gia Uyen,07102002
21127922,student922@unihub.edu.vn,Bui Minh Lam,18072002
21127923,student923@unihub.edu.vn,Phan Minh Yen,26112002
21127924,student924@unihub.edu.vn,Hoang Quoc Ri,19012005
21127925,student925@unihub.edu.vn,Phan Thi Oanh,25012002
21127926,student926@unihub.edu.vn,Do Van Khanh,27062000
21127927,student927@unihub.edu.vn,Phan Anh Giang,09082003
21127928,student928@unihub.edu.vn,Do Gia Em,28052001
21127929,student929@unihub.edu.vn,Do Van Cuong,20042000
21127930,student930@unihub.edu.vn,Do Gia Minh,24022002
21127931,student931@unihub.edu.vn,Bui Thi Vinh,03052002
21127932,student932@unihub.edu.vn,Pham Duc Giang,22032003
21127933,student933@unihub.edu.vn,Phan Quoc Oanh,17032003
21127934,student934@unihub.edu.vn,Pham Gia Tung,24072004
21127935,student935@unihub.edu.vn,Bui Duc Cuong,07122002
21127936,student936@unihub.edu.vn,Hoang Quoc Lam,28032004
21127937,student937@unihub.edu.vn,Pham Quoc Phuc,24102002
21127938,student938@unihub.edu.vn,Do Van Xuan,28032002
21127939,student939@unihub.edu.vn,Nguyen Van Xuan,03052001
21127940,student940@unihub.edu.vn,Vu Duc Ien,26112003
21127941,student941@unihub.edu.vn,Vu Gia Minh,25052000
21127942,student942@unihub.edu.vn,Hoang Gia Ri,14012005
21127943,student943@unihub.edu.vn,Bui Thi Tung,09012004
21127944,student944@unihub.edu.vn,Nguyen Phuong Minh,25012001
21127945,student945@unihub.edu.vn,Tran Hoang Nam,27092003
21127946,student946@unihub.edu.vn,Nguyen Minh Quan,03082000
21127947,student947@unihub.edu.vn,Hoang Minh Nam,12012001
21127948,student948@unihub.edu.vn,Nguyen Thanh Giang,16062005
21127949,student949@unihub.edu.vn,Phan Duc Giang,21082004
21127950,student950@unihub.edu.vn,Do Van Ri,05082005
21127951,student951@unihub.edu.vn,Bui Quoc Phuc,01122004
21127952,student952@unihub.edu.vn,Nguyen Duc Nam,11042005
21127953,student953@unihub.edu.vn,Phan Gia Tung,13092001
21127954,student954@unihub.edu.vn,Pham Quoc Nam,02122003
21127955,student955@unihub.edu.vn,Le Minh Dung,03052005
21127956,student956@unihub.edu.vn,Hoang Gia Dung,03032003
21127957,student957@unihub.edu.vn,Pham Anh Quan,22122001
21127958,student958@unihub.edu.vn,Nguyen Phuong An,05032004
21127959,student959@unihub.edu.vn,Do Anh Cuong,02122002
21127960,student960@unihub.edu.vn,Le Van Nam,01092004
21127961,student961@unihub.edu.vn,Le Hoang Cuong,15032004
21127962,student962@unihub.edu.vn,Tran Hoang Giang,26112003
21127963,student963@unihub.edu.vn,Vu Minh Giang,01022001
21127964,student964@unihub.edu.vn,Do Quoc Lam,24112001
21127965,student965@unihub.edu.vn,Phan Anh Nam,16052002
21127966,student966@unihub.edu.vn,Le Minh Em,06032000
21127967,student967@unihub.edu.vn,Hoang Thi An,07122005
21127968,student968@unihub.edu.vn,Phan Thi Oanh,26062005
21127969,student969@unihub.edu.vn,Phan Thi Hanh,08112002
21127970,student970@unihub.edu.vn,Pham Duc Uyen,13102004
21127971,student971@unihub.edu.vn,Do Thi Ien,17102005
21127972,student972@unihub.edu.vn,Vu Gia An,25102004
21127973,student973@unihub.edu.vn,Phan Hoang Ri,11062001
21127974,student974@unihub.edu.vn,Hoang Van Nam,22032005
21127975,student975@unihub.edu.vn,Hoang Anh Cuong,19052000
21127976,student976@unihub.edu.vn,Le Hoang Ri,22062002
21127977,student977@unihub.edu.vn,Pham Hoang Xuan,18012000
21127978,student978@unihub.edu.vn,Bui Quoc Oanh,08112002
21127979,student979@unihub.edu.vn,Vu Phuong Vinh,20042001
21127980,student980@unihub.edu.vn,Bui Duc Em,17022005
21127981,student981@unihub.edu.vn,Hoang Thanh Quan,22112002
21127982,student982@unihub.edu.vn,Dang Quoc Lam,15122003
21127983,student983@unihub.edu.vn,Pham Van Lam,14102001
21127984,student984@unihub.edu.vn,Nguyen Hoang Lam,19022002
21127985,student985@unihub.edu.vn,Dang Duc Cuong,06052005
21127986,student986@unihub.edu.vn,Pham Quoc Oanh,28042001
21127987,student987@unihub.edu.vn,Bui Gia Yen,11032003
21127988,student988@unihub.edu.vn,Dang Gia Phuc,10052001
21127989,student989@unihub.edu.vn,Do Duc Ien,25102000
21127990,student990@unihub.edu.vn,Hoang Thanh Phong,09112004
21127991,student991@unihub.edu.vn,Hoang Quoc Ri,26092003
21127992,student992@unihub.edu.vn,Hoang Minh Tung,14102001
21127993,student993@unihub.edu.vn,Le Gia Son,21012002
21127994,student994@unihub.edu.vn,Hoang Minh Nam,05122000
21127995,student995@unihub.edu.vn,Dang Anh Khanh,11092005
21127996,student996@unihub.edu.vn,Hoang Van Ien,19072001
21127997,student997@unihub.edu.vn,Bui Anh Phuc,09112003
21127998,student998@unihub.edu.vn,Dang Anh Hanh,24022004
21127999,student999@unihub.edu.vn,Bui Van Uyen,04032001
21128000,student1000@unihub.edu.vn,Do Thanh Minh,09122002
21128001,student1001@unihub.edu.vn,Vu Thanh Giang,03082002
21128002,student1002@unihub.edu.vn,Vu Thanh Tung,07052001
21128003,student1003@unihub.edu.vn,Phan Anh Yen,01122004
21128004,student1004@unihub.edu.vn,Nguyen Thanh Giang,10072005
21128005,student1005@unihub.edu.vn,Nguyen Duc Phong,01042005
